{
  "high_recall_mode": {
    "beta": 0.3,
    "theta": 0.3,
    "label": "High-recall (default)",
    "macro": {
      "precision": 0.039025,
      "recall": 0.282725,
      "f1": 0.06675,
      "far": 0.056189
    },
    "per_method": {
      "ARIMA": {
        "precision": 0.0341,
        "recall": 0.25,
        "f1": 0.0583,
        "far": 0.056446
      },
      "LAST": {
        "precision": 0.044,
        "recall": 0.2991,
        "f1": 0.0752,
        "far": 0.054147
      },
      "SMA": {
        "precision": 0.0398,
        "recall": 0.2804,
        "f1": 0.0675,
        "far": 0.055605
      },
      "EWMA": {
        "precision": 0.0382,
        "recall": 0.3014,
        "f1": 0.066,
        "far": 0.058558
      }
    }
  },
  "f1_optimal_mode": {
    "beta": 0.1,
    "theta": 0.1,
    "label": "Balanced / F1-optimal",
    "macro": {
      "precision": 0.0688,
      "recall": 0.40245,
      "f1": 0.113775,
      "far": 0.04258825
    },
    "per_method": {
      "ARIMA": {
        "precision": 0.0681,
        "recall": 0.3738,
        "f1": 0.1097,
        "far": 0.042582
      },
      "LAST": {
        "precision": 0.0738,
        "recall": 0.4206,
        "f1": 0.1224,
        "far": 0.041106
      },
      "SMA": {
        "precision": 0.0664,
        "recall": 0.3925,
        "f1": 0.1103,
        "far": 0.041761
      },
      "EWMA": {
        "precision": 0.0669,
        "recall": 0.4229,
        "f1": 0.1127,
        "far": 0.044904
      }
    }
  }
}